tail_loss,tail_aep
1000,0.033879357
1500,0.023929191
2000,0.023929191
2500,0.01993718
3000,0.01993718
3500,0.017939179
4000,0.007989012
4500,0.006989512
5000,0.006989512
5500,0.002997501
6000,0.002997501
6500,0.0009995
7000,0.0009995
7500,0.0009995
8000,0.0001
